customerID,gender,SeniorCitizen,Partner,Dependents,tenure,PhoneService,MultipleLines,InternetService,OnlineSecurity,OnlineBackup,DeviceProtection,TechSupport,StreamingTV,StreamingMovies,Contract,PaperlessBilling,PaymentMethod,MonthlyCharges,TotalCharges,Churn
SYN-00000,Female,1,No,Yes,53,Yes,Yes,DSL,No,No,Yes,Yes,No,Yes,Two year,No,Credit card (automatic),111.72,5881.04,No
SYN-00001,Male,0,No,Yes,8,Yes,No,DSL,No,No,Yes,No,No,Yes,Month-to-month,Yes,Credit card (automatic),67.07,576.7,Yes
SYN-00002,Male,0,Yes,No,7,Yes,No,DSL,Yes,No,No,No,Yes,Yes,Two year,No,Bank transfer (automatic),54.3,376.59,No
SYN-00003,Female,1,Yes,Yes,69,Yes,No,DSL,No,No,No,Yes,Yes,Yes,Month-to-month,No,Electronic check,107.01,7407.82,Yes
SYN-00004,Female,0,Yes,No,13,Yes,No,Fiber optic,Yes,Yes,Yes,No,Yes,Yes,Month-to-month,No,Electronic check,65.49,881.41,No
SYN-00005,Male,0,Yes,Yes,45,Yes,No,Fiber optic,Yes,No,Yes,No,Yes,Yes,One year,Yes,Credit card (automatic),109.53,4951.97,No
SYN-00006,Female,1,No,Yes,10,Yes,No,Fiber optic,Yes,No,Yes,No,Yes,Yes,One year,No,Mailed check,44.85,464.79,Yes
SYN-00007,Male,0,Yes,No,19,Yes,No,Fiber optic,Yes,Yes,Yes,Yes,No,Yes,Month-to-month,Yes,Bank transfer (automatic),24.59,511.95,Yes
SYN-00008,Male,1,Yes,No,48,Yes,No,DSL,Yes,No,No,No,Yes,No,Month-to-month,Yes,Mailed check,86.96,4172.59,No
SYN-00009,Male,1,Yes,No,47,Yes,Yes,DSL,Yes,No,No,Yes,Yes,Yes,Month-to-month,Yes,Bank transfer (automatic),37.68,1732.05,No
SYN-00010,Male,0,No,No,54,Yes,Yes,Fiber optic,No,Yes,No,Yes,No,Yes,One year,No,Credit card (automatic),21.41,1144.3,No
SYN-00011,Male,0,No,Yes,71,Yes,Yes,No,No internet service,No internet service,No internet service,No internet service,No internet service,No internet service,Month-to-month,No,Credit card (automatic),31.28,2201.22,No
SYN-00012,Female,0,Yes,Yes,67,Yes,No,Fiber optic,Yes,No,Yes,No,Yes,Yes,Month-to-month,Yes,Bank transfer (automatic),33.55,2205.31,Yes
SYN-00013,Male,1,Yes,No,23,Yes,Yes,Fiber optic,Yes,Yes,No,Yes,Yes,No,Month-to-month,No,Mailed check,83.29,1940.15,Yes
SYN-00014,Male,1,No,No,67,Yes,No,No,No internet service,No internet service,No internet service,No internet service,No internet service,No internet service,Month-to-month,No,Bank transfer (automatic),22.61,1542.62,No
SYN-00015,Male,1,Yes,Yes,1,Yes,No,Fiber optic,Yes,No,No,No,No,No,Two year,No,Electronic check,23.44,0.0,No
SYN-00016,Female,0,Yes,Yes,61,Yes,No,DSL,Yes,No,No,Yes,No,Yes,Month-to-month,Yes,Credit card (automatic),41.53,2578.95,Yes
SYN-00017,Male,0,No,No,38,Yes,No,No,No internet service,No internet service,No internet service,No internet service,No internet service,No internet service,Month-to-month,No,Bank transfer (automatic),22.92,885.01,No
SYN-00018,Female,1,No,Yes,57,Yes,No,DSL,No,Yes,No,Yes,Yes,Yes,Month-to-month,Yes,Credit card (automatic),38.8,2181.62,No
SYN-00019,Female,0,No,No,66,Yes,No,DSL,No,No,Yes,No,No,Yes,One year,Yes,Bank transfer (automatic),38.95,2608.61,No
SYN-00020,Male,0,No,No,19,Yes,Yes,DSL,Yes,Yes,Yes,No,No,No,Two year,No,Bank transfer (automatic),80.39,1498.28,No
SYN-00021,Male,0,Yes,Yes,53,Yes,No,Fiber optic,Yes,No,Yes,Yes,Yes,Yes,Month-to-month,Yes,Credit card (automatic),65.51,3465.72,Yes
SYN-00022,Female,0,Yes,No,17,Yes,Yes,DSL,No,No,Yes,No,Yes,Yes,Two year,No,Mailed check,78.24,1311.15,No
SYN-00023,Female,0,Yes,No,37,Yes,No,No,No internet service,No internet service,No internet service,No internet service,No internet service,No internet service,Two year,Yes,Bank transfer (automatic),19.42,690.64,No
SYN-00024,Male,1,Yes,No,23,Yes,No,DSL,Yes,Yes,Yes,Yes,No,No,One year,No,Electronic check,35.9,825.68,No
SYN-00025,Female,0,No,No,1,Yes,Yes,DSL,No,Yes,Yes,No,Yes,No,Month-to-month,No,Electronic check,102.81,105.28,Yes
SYN-00026,Female,0,Yes,No,25,Yes,Yes,Fiber optic,Yes,No,Yes,Yes,Yes,Yes,One year,Yes,Mailed check,61.08,1498.65,No
SYN-00027,Female,1,No,No,35,Yes,Yes,No,No internet service,No internet service,No internet service,No internet service,No internet service,No internet service,One year,Yes,Electronic check,21.34,787.87,No
SYN-00028,Female,0,Yes,Yes,16,Yes,No,Fiber optic,Yes,Yes,Yes,Yes,Yes,Yes,Month-to-month,No,Mailed check,87.65,1376.39,Yes
SYN-00029,Male,0,Yes,No,44,Yes,Yes,Fiber optic,Yes,No,Yes,No,No,No,Month-to-month,Yes,Bank transfer (automatic),77.55,3406.92,Yes
SYN-00030,Female,0,Yes,No,37,Yes,Yes,Fiber optic,Yes,Yes,Yes,Yes,Yes,No,Month-to-month,No,Bank transfer (automatic),79.08,2929.48,No
SYN-00031,Male,0,Yes,Yes,14,Yes,Yes,Fiber optic,Yes,Yes,Yes,No,No,Yes,Month-to-month,Yes,Mailed check,33.38,429.13,Yes
SYN-00032,Male,0,No,No,27,Yes,Yes,DSL,Yes,No,No,Yes,Yes,Yes,Month-to-month,No,Credit card (automatic),86.34,2354.25,No
SYN-00033,Female,1,No,No,29,Yes,Yes,No,No internet service,No internet service,No internet service,No internet service,No internet service,No internet service,One year,No,Mailed check,22.71,649.97,No
SYN-00034,Male,1,No,No,3,Yes,Yes,No,No internet service,No internet service,No internet service,No internet service,No internet service,No internet service,Month-to-month,Yes,Credit card (automatic),33.28,59.49,Yes
SYN-00035,Male,1,No,Yes,16,Yes,No,Fiber optic,No,Yes,Yes,Yes,No,No,Month-to-month,Yes,Credit card (automatic),102.18,1618.97,Yes
SYN-00036,Male,0,Yes,No,2,Yes,No,No,No internet service,No internet service,No internet service,No internet service,No internet service,No internet service,Month-to-month,No,Bank transfer (automatic),33.61,73.23,Yes
SYN-00037,Female,1,Yes,No,11,Yes,No,No,No internet service,No internet service,No internet service,No internet service,No internet service,No internet service,One year,No,Electronic check,29.31,369.72,Yes
SYN-00038,Male,1,No,No,54,Yes,No,Fiber optic,No,No,No,No,Yes,Yes,One year,No,Credit card (automatic),29.65,1565.18,No
SYN-00039,Male,0,No,Yes,49,Yes,No,DSL,Yes,Yes,Yes,No,No,No,Month-to-month,Yes,Bank transfer (automatic),40.95,2043.28,Yes
SYN-00040,Female,1,Yes,Yes,67,Yes,Yes,DSL,Yes,Yes,No,Yes,Yes,No,Month-to-month,Yes,Mailed check,46.83,3112.66,Yes
SYN-00041,Female,1,No,Yes,29,Yes,Yes,No,No internet service,No internet service,No internet service,No internet service,No internet service,No internet service,Month-to-month,Yes,Credit card (automatic),33.33,960.51,No
SYN-00042,Male,1,Yes,Yes,3,Yes,Yes,Fiber optic,Yes,Yes,Yes,Yes,Yes,No,One year,Yes,Electronic check,43.26,124.7,Yes
SYN-00043,Female,0,No,No,18,Yes,No,No,No internet service,No internet service,No internet service,No internet service,No internet service,No internet service,Month-to-month,No,Electronic check,24.29,404.84,Yes
SYN-00044,Male,0,Yes,Yes,69,Yes,Yes,Fiber optic,No,No,No,No,No,No,Month-to-month,Yes,Mailed check,31.08,2128.4,No
SYN-00045,Male,1,Yes,No,62,Yes,Yes,DSL,Yes,Yes,Yes,No,Yes,Yes,Month-to-month,No,Electronic check,48.8,2983.1,Yes
SYN-00046,Male,0,Yes,No,51,Yes,Yes,DSL,Yes,Yes,Yes,No,No,Yes,Two year,No,Mailed check,75.76,3911.2,No
SYN-00047,Male,1,Yes,Yes,55,Yes,Yes,Fiber optic,No,No,No,Yes,No,No,Month-to-month,Yes,Credit card (automatic),74.23,4056.42,Yes
SYN-00048,Male,1,Yes,Yes,16,Yes,Yes,Fiber optic,Yes,No,Yes,Yes,Yes,No,Month-to-month,Yes,Credit card (automatic),70.8,1096.05,No
SYN-00049,Female,0,No,Yes,52,Yes,Yes,No,No internet service,No internet service,No internet service,No internet service,No internet service,No internet service,Month-to-month,No,Electronic check,23.5,1229.34,Yes
SYN-00050,Female,0,Yes,Yes,34,Yes,No,Fiber optic,No,Yes,No,No,Yes,Yes,Month-to-month,Yes,Bank transfer (automatic),104.63,3604.66,No
SYN-00051,Female,1,No,No,64,Yes,No,Fiber optic,Yes,No,No,Yes,Yes,Yes,Month-to-month,No,Bank transfer (automatic),43.38,2729.58,Yes
SYN-00052,Male,0,No,Yes,6,Yes,No,No,No internet service,No internet service,No internet service,No internet service,No internet service,No internet service,Two year,No,Bank transfer (automatic),26.71,173.34,No
SYN-00053,Male,0,No,Yes,27,Yes,No,Fiber optic,No,Yes,Yes,Yes,No,Yes,One year,No,Credit card (automatic),87.58,2334.48,No
SYN-00054,Female,1,Yes,Yes,17,Yes,Yes,Fiber optic,No,No,No,Yes,No,No,Two year,No,Credit card (automatic),48.3,798.42,No
SYN-00055,Female,1,No,No,25,Yes,No,DSL,Yes,No,No,Yes,No,Yes,Month-to-month,Yes,Mailed check,90.24,2257.3,No
SYN-00056,Male,1,Yes,No,71,Yes,No,DSL,No,Yes,Yes,Yes,Yes,Yes,Two year,No,Credit card (automatic),82.04,5842.83,No
SYN-00057,Female,1,Yes,Yes,2,Yes,No,DSL,No,No,No,Yes,No,No,Month-to-month,Yes,Bank transfer (automatic),50.52,107.57,Yes
SYN-00058,Female,1,No,No,26,Yes,No,Fiber optic,Yes,No,No,Yes,Yes,No,One year,Yes,Electronic check,113.33,2943.58,No
SYN-00059,Female,1,No,No,58,Yes,Yes,DSL,Yes,No,Yes,Yes,Yes,No,Month-to-month,Yes,Electronic check,100.46,5861.31,Yes
SYN-00060,Male,0,Yes,Yes,19,Yes,No,DSL,No,Yes,Yes,Yes,No,Yes,Month-to-month,Yes,Bank transfer (automatic),96.75,1818.86,Yes
SYN-00061,Male,1,No,No,71,Yes,Yes,DSL,No,No,No,No,Yes,No,Month-to-month,Yes,Bank transfer (automatic),106.17,7577.45,Yes
SYN-00062,Female,0,Yes,Yes,22,Yes,Yes,DSL,No,No,Yes,Yes,Yes,No,Two year,No,Bank transfer (automatic),97.4,2144.67,No
SYN-00063,Male,0,Yes,No,37,Yes,Yes,No,No internet service,No internet service,No internet service,No internet service,No internet service,No internet service,Month-to-month,No,Electronic check,22.3,859.35,Yes
SYN-00064,Male,0,Yes,No,51,Yes,No,Fiber optic,Yes,Yes,Yes,Yes,No,Yes,Month-to-month,Yes,Bank transfer (automatic),85.25,4315.21,Yes
SYN-00065,Female,1,Yes,Yes,36,Yes,No,Fiber optic,No,No,Yes,No,Yes,No,Month-to-month,Yes,Credit card (automatic),40.9,1438.32,Yes
SYN-00066,Male,1,Yes,No,55,Yes,Yes,No,No internet service,No internet service,No internet service,No internet service,No internet service,No internet service,Month-to-month,Yes,Bank transfer (automatic),31.38,1747.35,No
SYN-00067,Female,0,Yes,Yes,52,Yes,No,No,No internet service,No internet service,No internet service,No internet service,No internet service,No internet service,Month-to-month,Yes,Credit card (automatic),25.06,1268.92,No
SYN-00068,Female,1,No,Yes,64,Yes,Yes,DSL,No,Yes,No,Yes,No,Yes,One year,Yes,Credit card (automatic),75.08,4834.39,No
SYN-00069,Female,1,No,No,12,Yes,No,No,No internet service,No internet service,No internet service,No internet service,No internet service,No internet service,One year,No,Bank transfer (automatic),19.13,193.76,No
SYN-00070,Male,1,No,Yes,37,Yes,No,Fiber optic,No,Yes,No,No,No,No,Two year,Yes,Electronic check,62.76,2281.48,No
SYN-00071,Male,0,Yes,No,1,Yes,No,DSL,Yes,Yes,No,Yes,Yes,No,Month-to-month,Yes,Bank transfer (automatic),34.7,23.55,No
SYN-00072,Male,1,Yes,No,23,Yes,Yes,DSL,No,Yes,Yes,No,Yes,No,Month-to-month,Yes,Bank transfer (automatic),71.68,1675.88,Yes
SYN-00073,Male,1,Yes,Yes,64,Yes,No,Fiber optic,No,No,Yes,No,No,No,Month-to-month,No,Electronic check,37.4,2398.91,Yes
SYN-00074,Male,1,Yes,No,65,Yes,No,No,No internet service,No internet service,No internet service,No internet service,No internet service,No internet service,Two year,No,Bank transfer (automatic),23.43,1517.55,No
SYN-00075,Female,0,No,No,55,Yes,No,Fiber optic,No,No,No,No,No,Yes,Month-to-month,No,Bank transfer (automatic),89.24,4955.78,No
SYN-00076,Female,1,Yes,Yes,49,Yes,No,DSL,No,No,Yes,No,Yes,Yes,Month-to-month,No,Mailed check,48.21,2371.31,No
SYN-00077,Male,0,Yes,No,41,Yes,Yes,DSL,Yes,No,Yes,Yes,No,Yes,One year,No,Bank transfer (automatic),38.35,1554.5,No
SYN-00078,Male,1,Yes,No,12,Yes,No,DSL,No,Yes,Yes,Yes,No,No,Two year,No,Credit card (automatic),83.16,1045.69,No
SYN-00079,Male,0,Yes,No,44,Yes,No,Fiber optic,No,Yes,No,No,No,Yes,Month-to-month,No,Mailed check,42.89,1847.79,No
SYN-00080,Female,1,Yes,No,69,Yes,Yes,No,No internet service,No internet service,No internet service,No internet service,No internet service,No internet service,Month-to-month,Yes,Credit card (automatic),32.67,2243.15,No
SYN-00081,Female,0,No,No,58,Yes,No,DSL,No,Yes,No,Yes,Yes,Yes,Month-to-month,No,Electronic check,70.5,4126.52,No
SYN-00082,Female,0,Yes,No,62,Yes,No,No,No internet service,No internet service,No internet service,No internet service,No internet service,No internet service,Month-to-month,Yes,Mailed check,22.97,1393.92,Yes
SYN-00083,Female,0,Yes,No,58,Yes,Yes,DSL,Yes,No,No,Yes,No,Yes,Month-to-month,No,Mailed check,55.95,3291.64,No
SYN-00084,Female,0,No,No,4,Yes,No,Fiber optic,No,No,Yes,Yes,No,Yes,One year,Yes,Mailed check,69.56,243.18,No
SYN-00085,Female,0,No,Yes,13,Yes,No,DSL,Yes,No,Yes,Yes,Yes,No,Month-to-month,No,Credit card (automatic),109.83,1439.73,Yes
SYN-00086,Female,1,Yes,Yes,3,Yes,No,Fiber optic,Yes,No,Yes,Yes,Yes,No,One year,Yes,Electronic check,114.21,370.94,Yes
SYN-00087,Female,1,Yes,No,24,Yes,Yes,No,No internet service,No internet service,No internet service,No internet service,No internet service,No internet service,Month-to-month,No,Electronic check,31.82,752.22,No
SYN-00088,Female,0,Yes,Yes,24,Yes,Yes,DSL,Yes,Yes,No,No,No,No,Month-to-month,Yes,Electronic check,37.57,882.23,Yes
SYN-00089,Male,1,No,Yes,33,Yes,Yes,DSL,Yes,No,Yes,Yes,Yes,No,Month-to-month,Yes,Credit card (automatic),100.97,3337.85,No
SYN-00090,Female,1,No,No,11,Yes,No,Fiber optic,No,Yes,Yes,Yes,No,No,Month-to-month,No,Bank transfer (automatic),74.59,851.4,Yes
SYN-00091,Female,1,No,No,22,Yes,Yes,No,No internet service,No internet service,No internet service,No internet service,No internet service,No internet service,Month-to-month,Yes,Credit card (automatic),29.53,659.99,Yes
SYN-00092,Female,0,Yes,No,72,Yes,Yes,Fiber optic,No,Yes,Yes,Yes,Yes,Yes,Month-to-month,No,Electronic check,95.24,6855.56,Yes
SYN-00093,Male,0,No,Yes,63,Yes,Yes,No,No internet service,No internet service,No internet service,No internet service,No internet service,No internet service,Two year,Yes,Electronic check,30.29,1920.27,No
SYN-00094,Female,1,No,No,15,Yes,Yes,No,No internet service,No internet service,No internet service,No internet service,No internet service,No internet service,Month-to-month,No,Electronic check,23.14,298.4,Yes
SYN-00095,Male,0,Yes,Yes,65,Yes,No,No,No internet service,No internet service,No internet service,No internet service,No internet service,No internet service,One year,Yes,Mailed check,30.52,1938.28,No
SYN-00096,Male,0,No,No,50,Yes,Yes,No,No internet service,No internet service,No internet service,No internet service,No internet service,No internet service,Month-to-month,No,Bank transfer (automatic),19.63,1030.93,Yes
SYN-00097,Male,0,No,No,47,Yes,Yes,No,No internet service,No internet service,No internet service,No internet service,No internet service,No internet service,Month-to-month,Yes,Electronic check,31.88,1512.03,Yes
SYN-00098,Male,1,Yes,No,5,Yes,Yes,Fiber optic,No,No,Yes,Yes,No,No,Month-to-month,No,Bank transfer (automatic),25.58,82.52,Yes
SYN-00099,Female,0,No,Yes,25,Yes,No,Fiber optic,Yes,Yes,No,No,Yes,Yes,Month-to-month,No,Electronic check,41.87,1062.81,Yes
SYN-00100,Female,0,Yes,Yes,58,Yes,No,No,No internet service,No internet service,No internet service,No internet service,No internet service,No internet service,Month-to-month,No,Credit card (automatic),20.97,1171.05,Yes
SYN-00101,Male,0,No,No,24,Yes,Yes,No,No internet service,No internet service,No internet service,No internet service,No internet service,No internet service,One year,No,Bank transfer (automatic),27.17,699.19,No
SYN-00102,Female,0,Yes,No,45,Yes,No,DSL,Yes,Yes,Yes,Yes,Yes,Yes,Month-to-month,No,Credit card (automatic),87.69,3985.89,No
SYN-00103,Male,1,No,No,58,Yes,Yes,No,No internet service,No internet service,No internet service,No internet service,No internet service,No internet service,Two year,No,Mailed check,29.84,1688.94,No
SYN-00104,Male,0,Yes,Yes,25,Yes,Yes,Fiber optic,No,Yes,No,No,Yes,Yes,Two year,No,Electronic check,41.62,1029.61,No
SYN-00105,Female,1,Yes,No,44,Yes,Yes,Fiber optic,Yes,Yes,Yes,No,No,Yes,Two year,No,Bank transfer (automatic),30.3,1344.76,No
SYN-00106,Female,0,Yes,No,61,Yes,No,DSL,No,No,No,No,Yes,No,One year,No,Electronic check,109.5,6700.76,Yes
SYN-00107,Male,1,No,Yes,54,Yes,No,Fiber optic,Yes,No,Yes,Yes,Yes,Yes,Month-to-month,Yes,Credit card (automatic),49.35,2639.32,Yes
SYN-00108,Male,1,Yes,Yes,10,Yes,Yes,No,No internet service,No internet service,No internet service,No internet service,No internet service,No internet service,Month-to-month,No,Bank transfer (automatic),24.55,214.57,Yes
SYN-00109,Male,0,No,No,58,Yes,No,Fiber optic,Yes,Yes,No,No,Yes,Yes,Month-to-month,Yes,Credit card (automatic),25.49,1501.29,Yes
SYN-00110,Male,1,No,Yes,49,Yes,Yes,Fiber optic,No,Yes,Yes,No,Yes,No,Two year,Yes,Credit card (automatic),77.01,3751.25,No
SYN-00111,Male,0,No,Yes,27,Yes,Yes,No,No internet service,No internet service,No internet service,No internet service,No internet service,No internet service,Two year,No,Mailed check,23.37,622.61,No
SYN-00112,Female,0,No,Yes,38,Yes,No,Fiber optic,Yes,No,No,No,Yes,Yes,Month-to-month,Yes,Bank transfer (automatic),105.71,4041.64,Yes
SYN-00113,Male,1,Yes,No,35,Yes,No,DSL,Yes,No,No,No,No,No,Month-to-month,Yes,Credit card (automatic),72.24,2525.14,Yes
SYN-00114,Female,0,No,No,12,Yes,Yes,DSL,Yes,Yes,No,No,Yes,No,Month-to-month,No,Mailed check,111.48,1340.38,Yes
SYN-00115,Female,1,No,Yes,25,Yes,Yes,Fiber optic,No,Yes,Yes,No,Yes,No,Two year,Yes,Bank transfer (automatic),71.05,1742.76,No
SYN-00116,Female,0,No,No,69,Yes,No,Fiber optic,Yes,Yes,No,Yes,No,No,Two year,No,Mailed check,20.83,1392.98,No
SYN-00117,Female,1,No,Yes,21,Yes,Yes,DSL,No,No,No,Yes,Yes,No,Month-to-month,No,Electronic check,100.09,2116.05,Yes
SYN-00118,Male,1,No,Yes,23,Yes,Yes,DSL,No,Yes,Yes,No,No,Yes,One year,Yes,Electronic check,86.75,2000.89,No
SYN-00119,Female,0,Yes,No,23,Yes,No,Fiber optic,No,Yes,No,Yes,No,No,Two year,No,Electronic check,108.5,2520.5,No
SYN-00120,Male,0,No,No,24,Yes,No,No,No internet service,No internet service,No internet service,No internet service,No internet service,No internet service,Month-to-month,Yes,Credit card (automatic),33.22,841.41,No
SYN-00121,Female,0,No,Yes,50,Yes,Yes,Fiber optic,Yes,No,No,No,No,Yes,Month-to-month,Yes,Bank transfer (automatic),36.76,1822.71,No
SYN-00122,Female,0,Yes,No,38,Yes,No,No,No internet service,No internet service,No internet service,No internet service,No internet service,No internet service,Month-to-month,Yes,Bank transfer (automatic),19.21,735.79,Yes
SYN-00123,Female,1,Yes,Yes,11,Yes,Yes,Fiber optic,Yes,No,No,Yes,Yes,Yes,Month-to-month,No,Credit card (automatic),45.32,525.88,Yes
SYN-00124,Female,0,No,Yes,70,Yes,No,DSL,Yes,No,No,Yes,No,No,Two year,Yes,Credit card (automatic),110.0,7672.92,No
SYN-00125,Female,0,Yes,Yes,28,Yes,No,No,No internet service,No internet service,No internet service,No internet service,No internet service,No internet service,Two year,No,Mailed check,28.18,802.62,No
SYN-00126,Male,1,Yes,No,58,Yes,Yes,DSL,No,No,Yes,No,No,Yes,One year,No,Mailed check,36.65,2116.4,No
SYN-00127,Female,0,No,No,72,Yes,No,No,No internet service,No internet service,No internet service,No internet service,No internet service,No internet service,Month-to-month,Yes,Bank transfer (automatic),18.4,1306.07,Yes
SYN-00128,Female,1,No,Yes,30,Yes,Yes,Fiber optic,No,Yes,No,No,Yes,No,Two year,Yes,Electronic check,54.58,1684.53,Yes
SYN-00129,Male,0,Yes,Yes,66,Yes,No,DSL,No,Yes,Yes,No,No,Yes,One year,Yes,Mailed check,104.02,6841.23,No
SYN-00130,Male,1,Yes,No,34,Yes,Yes,Fiber optic,No,Yes,No,Yes,No,Yes,Month-to-month,No,Credit card (automatic),82.72,2777.1,No
SYN-00131,Male,0,Yes,No,65,Yes,No,DSL,No,Yes,Yes,Yes,Yes,No,Month-to-month,Yes,Electronic check,47.25,3085.53,No
SYN-00132,Male,0,No,No,52,Yes,Yes,DSL,Yes,No,Yes,No,Yes,No,Month-to-month,No,Bank transfer (automatic),36.24,1872.69,No
SYN-00133,Female,1,No,Yes,61,Yes,Yes,DSL,No,No,No,Yes,Yes,No,Month-to-month,Yes,Electronic check,78.48,4836.54,Yes
SYN-00134,Female,0,No,Yes,25,Yes,No,Fiber optic,Yes,Yes,No,Yes,Yes,No,Month-to-month,No,Electronic check,72.94,1803.86,Yes
SYN-00135,Male,1,No,No,35,Yes,No,Fiber optic,Yes,No,No,No,No,No,One year,Yes,Credit card (automatic),97.99,3398.91,No
SYN-00136,Male,1,Yes,Yes,67,Yes,Yes,DSL,Yes,Yes,Yes,Yes,No,No,One year,No,Credit card (automatic),67.04,4490.31,No
SYN-00137,Female,1,No,No,52,Yes,Yes,DSL,No,No,No,Yes,Yes,Yes,Month-to-month,No,Bank transfer (automatic),38.28,2030.07,No
SYN-00138,Male,1,Yes,No,57,Yes,Yes,No,No internet service,No internet service,No internet service,No internet service,No internet service,No internet service,Month-to-month,Yes,Bank transfer (automatic),23.13,1338.3,No
SYN-00139,Female,1,No,Yes,68,Yes,No,Fiber optic,No,Yes,No,No,Yes,No,Month-to-month,Yes,Electronic check,103.25,7023.84,Yes
SYN-00140,Male,1,No,No,12,Yes,Yes,DSL,Yes,Yes,Yes,Yes,No,No,One year,No,Mailed check,21.73,216.37,No
SYN-00141,Male,1,No,Yes,3,Yes,No,Fiber optic,No,No,No,Yes,Yes,No,Month-to-month,No,Electronic check,65.13,202.39,Yes
SYN-00142,Female,0,Yes,Yes,62,Yes,No,DSL,No,Yes,Yes,No,No,Yes,One year,Yes,Bank transfer (automatic),47.13,2920.43,No
SYN-00143,Male,0,No,No,5,Yes,Yes,DSL,Yes,No,No,No,Yes,No,Two year,No,Credit card (automatic),33.46,153.65,No
SYN-00144,Female,1,Yes,No,58,Yes,Yes,DSL,Yes,Yes,No,Yes,No,Yes,Month-to-month,Yes,Credit card (automatic),100.35,5859.53,No
SYN-00145,Female,1,Yes,No,54,Yes,Yes,No,No internet service,No internet service,No internet service,No internet service,No internet service,No internet service,Two year,Yes,Electronic check,18.03,984.38,No
SYN-00146,Male,0,No,No,42,Yes,No,Fiber optic,No,Yes,No,No,Yes,Yes,Month-to-month,Yes,Electronic check,26.19,1141.24,Yes
SYN-00147,Female,1,No,Yes,19,Yes,No,No,No internet service,No internet service,No internet service,No internet service,No internet service,No internet service,One year,No,Credit card (automatic),24.7,426.18,No
SYN-00148,Male,0,No,Yes,4,Yes,No,No,No internet service,No internet service,No internet service,No internet service,No internet service,No internet service,Month-to-month,Yes,Bank transfer (automatic),24.9,91.07,Yes
SYN-00149,Female,0,Yes,No,32,Yes,Yes,Fiber optic,Yes,Yes,No,Yes,Yes,No,Month-to-month,Yes,Mailed check,32.86,1017.27,Yes
SYN-00150,Male,1,No,No,51,Yes,No,DSL,No,No,Yes,Yes,Yes,No,Two year,No,Mailed check,48.87,2537.19,No
SYN-00151,Male,1,Yes,No,26,Yes,No,Fiber optic,No,Yes,No,Yes,Yes,Yes,One year,No,Electronic check,46.81,1253.92,No
SYN-00152,Male,0,Yes,No,50,Yes,No,Fiber optic,Yes,Yes,No,Yes,Yes,Yes,Two year,No,Electronic check,56.28,2831.78,No
SYN-00153,Male,1,Yes,Yes,9,Yes,Yes,DSL,No,No,Yes,No,Yes,No,Two year,No,Bank transfer (automatic),86.84,737.31,Yes
SYN-00154,Female,1,Yes,No,48,Yes,Yes,Fiber optic,Yes,No,No,No,No,Yes,Month-to-month,No,Credit card (automatic),39.74,1942.89,No
SYN-00155,Female,1,Yes,Yes,69,Yes,Yes,No,No internet service,No internet service,No internet service,No internet service,No internet service,No internet service,One year,Yes,Credit card (automatic),22.85,1544.48,No
SYN-00156,Female,1,No,Yes,31,Yes,Yes,Fiber optic,Yes,Yes,Yes,Yes,No,Yes,Month-to-month,No,Mailed check,34.44,1055.81,Yes
SYN-00157,Male,0,Yes,Yes,28,Yes,Yes,DSL,No,Yes,Yes,No,No,No,One year,No,Mailed check,22.82,660.4,No
SYN-00158,Female,1,Yes,Yes,28,Yes,Yes,No,No internet service,No internet service,No internet service,No internet service,No internet service,No internet service,One year,Yes,Credit card (automatic),19.74,558.43,No
SYN-00159,Female,1,Yes,No,57,Yes,No,DSL,Yes,Yes,No,No,No,No,Month-to-month,No,Electronic check,99.9,5676.0,Yes
SYN-00160,Male,1,No,Yes,43,Yes,No,Fiber optic,No,Yes,No,Yes,Yes,Yes,Month-to-month,No,Credit card (automatic),107.35,4608.01,Yes
SYN-00161,Female,1,Yes,No,70,Yes,Yes,DSL,No,No,Yes,No,Yes,Yes,Month-to-month,No,Electronic check,108.21,7577.32,Yes
SYN-00162,Male,0,No,No,26,Yes,Yes,Fiber optic,No,No,Yes,No,Yes,Yes,Month-to-month,No,Credit card (automatic),59.24,1536.31,Yes
SYN-00163,Male,1,Yes,Yes,58,Yes,Yes,No,No internet service,No internet service,No internet service,No internet service,No internet service,No internet service,Month-to-month,Yes,Bank transfer (automatic),20.94,1233.96,No
SYN-00164,Male,0,No,No,38,Yes,Yes,No,No internet service,No internet service,No internet service,No internet service,No internet service,No internet service,Month-to-month,Yes,Credit card (automatic),22.34,814.36,No
SYN-00165,Female,1,Yes,Yes,55,Yes,Yes,DSL,Yes,No,Yes,No,Yes,No,Month-to-month,No,Credit card (automatic),42.23,2335.85,Yes
SYN-00166,Female,1,Yes,Yes,52,Yes,Yes,Fiber optic,Yes,No,Yes,Yes,No,Yes,Month-to-month,Yes,Credit card (automatic),51.06,2699.29,Yes
SYN-00167,Female,0,Yes,Yes,11,Yes,Yes,DSL,Yes,Yes,No,No,Yes,No,Month-to-month,Yes,Electronic check,50.72,515.67,Yes
SYN-00168,Female,0,No,Yes,66,Yes,Yes,Fiber optic,Yes,No,No,No,No,Yes,One year,No,Mailed check,37.51,2512.31,No
SYN-00169,Male,0,Yes,Yes,22,Yes,No,Fiber optic,No,Yes,Yes,No,Yes,Yes,Month-to-month,Yes,Bank transfer (automatic),31.67,678.06,Yes
SYN-00170,Male,1,No,No,40,Yes,Yes,DSL,No,No,Yes,Yes,Yes,No,One year,No,Electronic check,43.01,1688.05,No
SYN-00171,Female,1,Yes,Yes,71,Yes,Yes,Fiber optic,No,Yes,Yes,Yes,Yes,Yes,One year,Yes,Mailed check,59.32,4179.79,No
SYN-00172,Female,0,Yes,No,27,Yes,No,DSL,Yes,Yes,No,Yes,Yes,Yes,Month-to-month,No,Credit card (automatic),53.47,1420.82,No
SYN-00173,Male,1,Yes,Yes,65,Yes,No,Fiber optic,Yes,Yes,No,Yes,Yes,Yes,Month-to-month,Yes,Credit card (automatic),104.4,6781.4,Yes
SYN-00174,Male,0,No,No,56,Yes,No,No,No internet service,No internet service,No internet service,No internet service,No internet service,No internet service,Two year,Yes,Electronic check,26.44,1498.88,No
SYN-00175,Male,1,No,No,6,Yes,Yes,Fiber optic,Yes,No,Yes,No,Yes,No,Month-to-month,No,Bank transfer (automatic),85.46,506.91,Yes
SYN-00176,Female,0,Yes,Yes,28,Yes,No,Fiber optic,No,No,No,No,No,No,Month-to-month,No,Bank transfer (automatic),98.92,2775.38,Yes
SYN-00177,Female,1,Yes,Yes,63,Yes,Yes,Fiber optic,No,No,No,No,No,No,Two year,Yes,Electronic check,38.3,2459.71,No
SYN-00178,Female,1,Yes,Yes,71,Yes,No,No,No internet service,No internet service,No internet service,No internet service,No internet service,No internet service,Two year,Yes,Bank transfer (automatic),28.96,2061.51,No
SYN-00179,Female,0,Yes,No,25,Yes,No,DSL,No,No,Yes,No,Yes,No,Two year,Yes,Credit card (automatic),26.15,621.36,No
SYN-00180,Male,0,Yes,Yes,1,Yes,Yes,Fiber optic,No,Yes,Yes,Yes,No,No,Month-to-month,Yes,Mailed check,31.59,8.56,Yes
SYN-00181,Male,1,No,Yes,13,Yes,Yes,DSL,Yes,Yes,Yes,Yes,No,No,One year,No,Bank transfer (automatic),108.37,1387.14,No
SYN-00182,Female,0,No,No,29,Yes,Yes,DSL,No,Yes,Yes,No,Yes,Yes,Month-to-month,Yes,Electronic check,50.37,1467.77,Yes
SYN-00183,Male,0,No,Yes,0,Yes,Yes,Fiber optic,Yes,No,Yes,Yes,No,No,Month-to-month,Yes,Electronic check,95.23,28.84,Yes
SYN-00184,Male,1,Yes,Yes,30,Yes,No,Fiber optic,No,No,Yes,No,Yes,Yes,Month-to-month,No,Bank transfer (automatic),108.34,3215.82,Yes
SYN-00185,Male,0,Yes,No,14,Yes,No,DSL,No,Yes,Yes,No,No,No,Two year,No,Credit card (automatic),48.38,697.41,No
SYN-00186,Male,0,Yes,No,53,Yes,Yes,No,No internet service,No internet service,No internet service,No internet service,No internet service,No internet service,Month-to-month,No,Electronic check,31.15,1635.8,Yes
SYN-00187,Male,1,No,Yes,60,Yes,No,No,No internet service,No internet service,No internet service,No internet service,No internet service,No internet service,Month-to-month,No,Electronic check,20.61,1208.5,Yes
SYN-00188,Female,1,No,Yes,28,Yes,Yes,DSL,Yes,Yes,No,No,No,Yes,One year,Yes,Bank transfer (automatic),20.36,546.47,No
SYN-00189,Male,0,Yes,No,35,Yes,No,DSL,No,Yes,No,Yes,Yes,No,Month-to-month,Yes,Electronic check,72.23,2478.79,Yes
SYN-00190,Male,0,Yes,Yes,42,Yes,Yes,No,No internet service,No internet service,No internet service,No internet service,No internet service,No internet service,Month-to-month,No,Credit card (automatic),21.54,923.67,No
SYN-00191,Female,0,Yes,Yes,70,Yes,No,No,No internet service,No internet service,No internet service,No internet service,No internet service,No internet service,One year,No,Mailed check,26.73,1857.64,No
SYN-00192,Female,0,No,Yes,38,Yes,Yes,DSL,No,No,Yes,Yes,No,No,Month-to-month,Yes,Bank transfer (automatic),49.17,1897.08,Yes
SYN-00193,Male,1,Yes,Yes,22,Yes,No,No,No internet service,No internet service,No internet service,No internet service,No internet service,No internet service,One year,No,Mailed check,27.49,620.53,No
SYN-00194,Female,1,No,No,8,Yes,Yes,Fiber optic,No,Yes,Yes,No,Yes,Yes,Two year,Yes,Credit card (automatic),53.47,442.26,Yes
SYN-00195,Female,0,No,No,5,Yes,Yes,Fiber optic,Yes,Yes,No,Yes,Yes,Yes,One year,Yes,Credit card (automatic),105.85,487.63,No
SYN-00196,Female,0,No,Yes,3,Yes,Yes,Fiber optic,No,No,No,No,No,Yes,One year,No,Bank transfer (automatic),39.86,124.48,Yes
SYN-00197,Female,0,Yes,No,16,Yes,Yes,DSL,Yes,Yes,Yes,No,No,No,Month-to-month,No,Electronic check,85.65,1379.87,Yes
SYN-00198,Female,0,No,Yes,61,Yes,No,DSL,No,Yes,No,No,No,No,Month-to-month,Yes,Credit card (automatic),90.68,5543.51,No
SYN-00199,Female,1,Yes,No,50,Yes,No,No,No internet service,No internet service,No internet service,No internet service,No internet service,No internet service,Month-to-month,Yes,Bank transfer (automatic),29.34,1469.03,No
SYN-00200,Male,0,No,No,26,Yes,No,Fiber optic,No,No,Yes,Yes,Yes,No,Month-to-month,No,Electronic check,22.88,579.98,Yes
SYN-00201,Female,1,No,No,41,Yes,Yes,Fiber optic,No,No,Yes,Yes,Yes,Yes,Month-to-month,Yes,Credit card (automatic),94.08,3837.23,Yes
SYN-00202,Female,0,No,Yes,60,Yes,Yes,Fiber optic,No,No,Yes,No,No,No,One year,Yes,Electronic check,38.82,2321.77,No
SYN-00203,Male,1,Yes,Yes,62,Yes,Yes,Fiber optic,No,Yes,No,No,No,No,Month-to-month,Yes,Mailed check,40.2,2491.68,Yes
SYN-00204,Female,0,Yes,No,10,Yes,No,No,No internet service,No internet service,No internet service,No internet service,No internet service,No internet service,Month-to-month,Yes,Credit card (automatic),21.56,209.47,Yes
SYN-00205,Male,0,Yes,No,12,Yes,Yes,Fiber optic,Yes,No,No,No,No,Yes,Month-to-month,Yes,Mailed check,67.2,764.6,No
SYN-00206,Male,0,No,No,39,Yes,Yes,No,No internet service,No internet service,No internet service,No internet service,No internet service,No internet service,Month-to-month,Yes,Mailed check,21.81,814.17,Yes
SYN-00207,Male,0,No,No,28,Yes,Yes,Fiber optic,No,Yes,Yes,No,No,Yes,Month-to-month,No,Mailed check,22.3,613.82,Yes
SYN-00208,Female,1,No,Yes,25,Yes,Yes,DSL,No,Yes,No,Yes,No,No,Month-to-month,No,Credit card (automatic),95.76,2370.02,No
SYN-00209,Male,0,No,No,2,Yes,Yes,DSL,Yes,Yes,No,Yes,No,No,One year,No,Mailed check,74.65,106.94,No
SYN-00210,Male,0,No,Yes,51,Yes,Yes,No,No internet service,No internet service,No internet service,No internet service,No internet service,No internet service,Month-to-month,No,Bank transfer (automatic),29.72,1478.76,No
SYN-00211,Female,0,No,Yes,30,Yes,Yes,DSL,No,No,Yes,No,Yes,Yes,One year,Yes,Mailed check,103.91,3138.68,No
SYN-00212,Female,0,No,Yes,5,Yes,Yes,Fiber optic,Yes,No,No,No,Yes,No,Month-to-month,Yes,Mailed check,25.65,94.28,Yes
SYN-00213,Male,1,No,No,28,Yes,Yes,DSL,No,No,Yes,No,No,Yes,Month-to-month,No,Mailed check,37.94,1067.15,No
SYN-00214,Female,0,Yes,Yes,45,Yes,Yes,Fiber optic,No,No,Yes,Yes,Yes,Yes,Month-to-month,No,Mailed check,80.87,3668.77,Yes
SYN-00215,Female,0,Yes,Yes,42,Yes,No,DSL,Yes,Yes,No,No,Yes,No,Month-to-month,No,Electronic check,47.23,1955.95,Yes
SYN-00216,Female,1,No,Yes,23,Yes,No,Fiber optic,No,No,No,No,Yes,Yes,Two year,Yes,Electronic check,65.23,1520.36,No
SYN-00217,Female,1,Yes,Yes,30,Yes,Yes,DSL,Yes,No,Yes,Yes,No,Yes,Two year,No,Bank transfer (automatic),86.07,2564.08,No
SYN-00218,Male,1,No,Yes,13,Yes,No,Fiber optic,No,No,Yes,Yes,No,No,Month-to-month,Yes,Mailed check,77.06,1014.96,Yes
SYN-00219,Female,1,Yes,Yes,43,Yes,Yes,Fiber optic,Yes,No,No,Yes,Yes,Yes,One year,Yes,Bank transfer (automatic),51.22,2179.29,No
SYN-00220,Female,0,No,Yes,29,Yes,No,Fiber optic,No,No,No,Yes,Yes,Yes,One year,Yes,Credit card (automatic),63.2,1788.78,No
SYN-00221,Male,0,No,Yes,11,Yes,No,Fiber optic,Yes,Yes,No,No,Yes,Yes,Month-to-month,No,Bank transfer (automatic),72.98,846.4,Yes
SYN-00222,Female,1,Yes,Yes,30,Yes,Yes,DSL,No,No,Yes,No,Yes,No,One year,Yes,Mailed check,22.99,690.75,No
SYN-00223,Female,0,Yes,Yes,56,Yes,No,DSL,Yes,No,No,No,No,Yes,Month-to-month,Yes,Electronic check,100.81,5692.92,Yes
SYN-00224,Male,0,No,No,24,Yes,Yes,Fiber optic,Yes,Yes,Yes,No,No,Yes,Month-to-month,No,Electronic check,114.21,2767.54,Yes
SYN-00225,Male,0,Yes,Yes,30,Yes,No,DSL,Yes,Yes,Yes,No,No,Yes,One year,No,Mailed check,85.7,2565.57,No
SYN-00226,Female,1,No,Yes,70,Yes,No,Fiber optic,Yes,Yes,Yes,No,No,No,Month-to-month,Yes,Bank transfer (automatic),105.27,7361.51,Yes
SYN-00227,Male,1,Yes,Yes,47,Yes,Yes,DSL,No,Yes,No,Yes,Yes,No,Month-to-month,No,Credit card (automatic),97.32,4609.11,No
SYN-00228,Male,0,No,No,28,Yes,No,Fiber optic,No,No,No,Yes,Yes,No,Two year,No,Mailed check,40.79,1173.54,No
SYN-00229,Male,0,No,No,28,Yes,Yes,No,No internet service,No internet service,No internet service,No internet service,No internet service,No internet service,Month-to-month,Yes,Bank transfer (automatic),25.31,739.04,Yes
SYN-00230,Male,1,No,No,38,Yes,No,No,No internet service,No internet service,No internet service,No internet service,No internet service,No internet service,One year,Yes,Electronic check,30.32,1137.2,No
SYN-00231,Male,0,No,No,16,Yes,No,No,No internet service,No internet service,No internet service,No internet service,No internet service,No internet service,Two year,No,Bank transfer (automatic),32.62,543.65,No
SYN-00232,Male,1,Yes,Yes,29,Yes,No,No,No internet service,No internet service,No internet service,No internet service,No internet service,No internet service,Month-to-month,No,Bank transfer (automatic),19.26,545.91,Yes
SYN-00233,Male,1,Yes,Yes,22,Yes,Yes,Fiber optic,No,Yes,Yes,No,Yes,No,One year,No,Mailed check,96.01,2084.06,No
SYN-00234,Male,1,No,No,7,Yes,No,No,No internet service,No internet service,No internet service,No internet service,No internet service,No internet service,Month-to-month,Yes,Credit card (automatic),33.7,212.39,Yes
SYN-00235,Male,0,Yes,Yes,65,Yes,No,Fiber optic,Yes,Yes,Yes,No,No,No,Month-to-month,No,Electronic check,43.65,2867.43,Yes
SYN-00236,Female,0,No,No,63,Yes,No,No,No internet service,No internet service,No internet service,No internet service,No internet service,No internet service,One year,No,Credit card (automatic),24.0,1475.31,No
SYN-00237,Female,0,No,Yes,21,Yes,No,No,No internet service,No internet service,No internet service,No internet service,No internet service,No internet service,One year,No,Electronic check,31.5,661.16,No
SYN-00238,Male,0,Yes,Yes,11,Yes,Yes,Fiber optic,Yes,No,No,No,Yes,No,One year,No,Mailed check,80.6,929.26,Yes
SYN-00239,Female,1,No,Yes,19,Yes,Yes,Fiber optic,No,Yes,Yes,Yes,Yes,No,Month-to-month,No,Credit card (automatic),61.43,1164.78,No
SYN-00240,Male,0,Yes,No,7,Yes,No,DSL,Yes,No,Yes,Yes,Yes,Yes,Two year,No,Bank transfer (automatic),110.62,809.53,No
SYN-00241,Male,1,No,No,13,Yes,Yes,Fiber optic,Yes,Yes,Yes,Yes,Yes,No,One year,Yes,Mailed check,86.65,1155.38,No
SYN-00242,Female,0,Yes,No,63,Yes,Yes,Fiber optic,No,No,No,No,Yes,Yes,Month-to-month,Yes,Mailed check,113.36,7146.63,No
SYN-00243,Male,0,No,No,67,Yes,Yes,DSL,No,No,Yes,Yes,Yes,No,Two year,Yes,Mailed check,24.99,1643.05,No
SYN-00244,Male,1,No,No,52,Yes,Yes,Fiber optic,Yes,Yes,Yes,No,Yes,Yes,Two year,No,Bank transfer (automatic),74.99,3850.48,No
SYN-00245,Female,0,No,No,60,Yes,No,DSL,No,No,Yes,Yes,No,Yes,Month-to-month,No,Electronic check,51.32,3044.78,Yes
SYN-00246,Female,0,No,Yes,66,Yes,No,Fiber optic,No,No,Yes,Yes,Yes,Yes,Two year,Yes,Mailed check,53.88,3526.9,No
SYN-00247,Male,0,Yes,No,2,Yes,Yes,DSL,Yes,No,Yes,No,Yes,Yes,Month-to-month,Yes,Bank transfer (automatic),64.9,106.42,Yes
SYN-00248,Female,1,No,Yes,61,Yes,No,Fiber optic,Yes,No,Yes,No,No,No,Two year,Yes,Bank transfer (automatic),86.43,5246.75,No
SYN-00249,Male,0,No,No,35,Yes,Yes,No,No internet service,No internet service,No internet service,No internet service,No internet service,No internet service,Month-to-month,No,Credit card (automatic),32.65,1147.81,Yes
SYN-00250,Female,1,No,No,20,Yes,No,Fiber optic,Yes,No,Yes,Yes,No,Yes,Month-to-month,No,Mailed check,26.49,507.43,Yes
SYN-00251,Male,1,Yes,No,48,Yes,No,Fiber optic,Yes,Yes,Yes,No,Yes,No,Month-to-month,No,Credit card (automatic),75.74,3600.93,Yes
SYN-00252,Female,1,No,No,2,Yes,No,No,No internet service,No internet service,No internet service,No internet service,No internet service,No internet service,One year,Yes,Mailed check,22.96,77.4,No
SYN-00253,Male,0,No,No,48,Yes,No,Fiber optic,Yes,Yes,No,Yes,Yes,Yes,Month-to-month,No,Electronic check,33.86,1640.38,Yes
SYN-00254,Male,1,Yes,Yes,32,Yes,Yes,Fiber optic,Yes,Yes,No,Yes,No,Yes,Month-to-month,Yes,Bank transfer (automatic),52.29,1662.13,Yes
SYN-00255,Female,1,No,No,5,Yes,Yes,No,No internet service,No internet service,No internet service,No internet service,No internet service,No internet service,Month-to-month,No,Mailed check,24.33,102.89,Yes
SYN-00256,Male,1,No,No,55,Yes,No,Fiber optic,No,Yes,No,Yes,No,Yes,Month-to-month,No,Credit card (automatic),96.69,5367.48,Yes
SYN-00257,Male,1,Yes,Yes,12,Yes,No,DSL,Yes,No,Yes,Yes,Yes,Yes,Month-to-month,Yes,Electronic check,70.59,884.04,Yes
SYN-00258,Male,1,No,Yes,9,Yes,No,DSL,Yes,Yes,Yes,Yes,Yes,Yes,One year,Yes,Mailed check,70.51,660.64,No
SYN-00259,Male,1,Yes,Yes,70,Yes,No,DSL,No,Yes,Yes,Yes,Yes,No,Month-to-month,Yes,Mailed check,76.67,5366.52,Yes
SYN-00260,Male,1,Yes,Yes,52,Yes,Yes,Fiber optic,Yes,Yes,No,No,No,No,Month-to-month,No,Bank transfer (automatic),65.81,3444.33,Yes
SYN-00261,Female,1,No,No,3,Yes,Yes,DSL,No,Yes,Yes,No,No,Yes,Month-to-month,Yes,Mailed check,23.55,48.87,Yes
SYN-00262,Male,1,Yes,Yes,68,Yes,No,Fiber optic,No,Yes,No,Yes,Yes,No,Month-to-month,Yes,Mailed check,52.59,3526.42,Yes
SYN-00263,Female,0,Yes,No,54,Yes,No,DSL,No,Yes,No,No,Yes,Yes,One year,No,Bank transfer (automatic),98.84,5355.52,No
SYN-00264,Male,1,Yes,No,37,Yes,No,Fiber optic,No,Yes,No,Yes,Yes,Yes,One year,No,Mailed check,69.2,2511.27,No
SYN-00265,Male,0,No,Yes,61,Yes,Yes,No,No internet service,No internet service,No internet service,No internet service,No internet service,No internet service,Two year,No,Bank transfer (automatic),26.23,1642.7,No
SYN-00266,Male,0,Yes,Yes,69,Yes,Yes,Fiber optic,Yes,No,Yes,Yes,Yes,Yes,Two year,No,Credit card (automatic),29.54,2004.91,No
SYN-00267,Male,0,Yes,Yes,56,Yes,Yes,No,No internet service,No internet service,No internet service,No internet service,No internet service,No internet service,Month-to-month,No,Electronic check,34.47,1920.78,Yes
SYN-00268,Female,0,Yes,Yes,68,Yes,No,Fiber optic,No,Yes,Yes,Yes,No,No,One year,Yes,Electronic check,23.93,1672.21,No
SYN-00269,Male,0,Yes,No,8,Yes,No,Fiber optic,Yes,Yes,Yes,Yes,No,No,Month-to-month,No,Bank transfer (automatic),78.53,671.99,Yes
SYN-00270,Male,0,No,No,45,Yes,No,No,No internet service,No internet service,No internet service,No internet service,No internet service,No internet service,Two year,No,Bank transfer (automatic),30.42,1413.98,No
SYN-00271,Female,0,No,Yes,45,Yes,No,DSL,No,No,Yes,No,No,Yes,Month-to-month,No,Electronic check,36.61,1603.43,No
SYN-00272,Female,0,No,Yes,45,Yes,No,DSL,No,Yes,Yes,Yes,No,Yes,Two year,Yes,Bank transfer (automatic),103.37,4653.21,No
SYN-00273,Male,0,Yes,No,30,Yes,No,DSL,No,No,Yes,No,No,Yes,Month-to-month,Yes,Mailed check,77.59,2295.28,No
SYN-00274,Male,0,No,No,47,Yes,No,Fiber optic,Yes,No,Yes,No,No,No,Month-to-month,No,Bank transfer (automatic),95.44,4514.78,Yes
SYN-00275,Female,0,No,No,15,Yes,No,Fiber optic,No,No,No,No,Yes,Yes,One year,Yes,Bank transfer (automatic),55.27,831.41,No
SYN-00276,Male,1,Yes,No,25,Yes,No,No,No internet service,No internet service,No internet service,No internet service,No internet service,No internet service,Month-to-month,Yes,Bank transfer (automatic),31.53,770.06,No
SYN-00277,Female,0,Yes,Yes,23,Yes,No,DSL,No,Yes,Yes,Yes,No,No,Two year,Yes,Mailed check,23.78,518.47,No
SYN-00278,Male,1,No,No,63,Yes,Yes,DSL,No,No,Yes,No,Yes,Yes,Two year,No,Bank transfer (automatic),66.0,4197.32,No
SYN-00279,Male,0,No,Yes,6,Yes,Yes,Fiber optic,No,No,No,Yes,Yes,No,Month-to-month,No,Electronic check,112.56,721.34,Yes
SYN-00280,Male,0,No,No,10,Yes,Yes,Fiber optic,No,No,No,No,No,No,Month-to-month,No,Electronic check,44.82,494.95,Yes
SYN-00281,Female,0,Yes,No,32,Yes,Yes,DSL,Yes,Yes,Yes,Yes,No,No,Month-to-month,Yes,Electronic check,62.17,2033.64,Yes
SYN-00282,Male,0,No,No,61,Yes,No,Fiber optic,No,No,No,Yes,No,Yes,One year,No,Bank transfer (automatic),101.53,6215.76,No
SYN-00283,Female,1,Yes,Yes,17,Yes,Yes,No,No internet service,No internet service,No internet service,No internet service,No internet service,No internet service,One year,Yes,Credit card (automatic),32.85,564.5,No
SYN-00284,Male,0,No,No,35,Yes,Yes,Fiber optic,No,Yes,Yes,Yes,No,No,Month-to-month,Yes,Mailed check,102.67,3629.6,Yes
SYN-00285,Female,0,No,No,49,Yes,Yes,Fiber optic,No,Yes,No,No,Yes,Yes,One year,No,Bank transfer (automatic),63.56,3138.58,No
SYN-00286,Male,1,Yes,No,40,Yes,No,Fiber optic,No,Yes,Yes,Yes,No,Yes,Month-to-month,Yes,Credit card (automatic),27.49,1057.98,Yes
SYN-00287,Female,1,Yes,No,40,Yes,Yes,DSL,No,Yes,No,No,Yes,Yes,One year,No,Mailed check,110.14,4368.16,No
SYN-00288,Female,0,No,No,36,Yes,Yes,No,No internet service,No internet service,No internet service,No internet service,No internet service,No internet service,Two year,No,Credit card (automatic),31.51,1101.2,No
SYN-00289,Male,1,No,Yes,34,Yes,No,No,No internet service,No internet service,No internet service,No internet service,No internet service,No internet service,Two year,No,Credit card (automatic),21.16,753.75,No
SYN-00290,Female,0,Yes,Yes,43,Yes,No,No,No internet service,No internet service,No internet service,No internet service,No internet service,No internet service,Month-to-month,No,Mailed check,28.08,1204.4,No
SYN-00291,Female,0,No,No,64,Yes,No,No,No internet service,No internet service,No internet service,No internet service,No internet service,No internet service,One year,No,Credit card (automatic),24.63,1537.2,No
SYN-00292,Male,1,Yes,Yes,37,Yes,Yes,DSL,Yes,No,Yes,Yes,No,Yes,One year,Yes,Bank transfer (automatic),99.53,3635.85,No
SYN-00293,Male,0,Yes,No,14,Yes,Yes,DSL,Yes,Yes,Yes,Yes,No,Yes,Month-to-month,No,Credit card (automatic),69.56,931.99,No
SYN-00294,Female,1,No,No,61,Yes,Yes,No,No internet service,No internet service,No internet service,No internet service,No internet service,No internet service,Month-to-month,Yes,Electronic check,33.62,2098.93,Yes
SYN-00295,Female,0,Yes,Yes,36,Yes,Yes,No,No internet service,No internet service,No internet service,No internet service,No internet service,No internet service,Two year,No,Credit card (automatic),25.99,911.12,No
SYN-00296,Male,1,Yes,Yes,32,Yes,Yes,Fiber optic,No,No,No,Yes,Yes,Yes,Month-to-month,Yes,Mailed check,84.49,2675.61,Yes
SYN-00297,Male,1,No,No,51,Yes,No,DSL,Yes,No,No,No,No,No,Month-to-month,No,Electronic check,50.56,2533.77,No
SYN-00298,Female,0,No,No,67,Yes,No,DSL,No,Yes,Yes,No,No,No,Month-to-month,No,Credit card (automatic),36.95,2430.53,Yes
SYN-00299,Male,0,No,No,24,Yes,No,DSL,No,No,No,No,Yes,No,Month-to-month,No,Bank transfer (automatic),104.97,2562.75,Yes
SYN-00300,Male,0,Yes,No,44,Yes,No,No,No internet service,No internet service,No internet service,No internet service,No internet service,No internet service,One year,No,Credit card (automatic),26.34,1166.07,No
SYN-00301,Male,0,Yes,No,63,Yes,No,Fiber optic,No,Yes,Yes,No,No,No,Month-to-month,Yes,Electronic check,81.9,5171.52,Yes
SYN-00302,Female,1,Yes,No,68,Yes,No,No,No internet service,No internet service,No internet service,No internet service,No internet service,No internet service,Two year,Yes,Mailed check,24.92,1710.58,No
SYN-00303,Female,0,No,Yes,24,Yes,Yes,DSL,No,No,Yes,No,No,Yes,Month-to-month,No,Credit card (automatic),73.79,1748.98,No
SYN-00304,Female,0,Yes,Yes,54,Yes,Yes,Fiber optic,Yes,No,No,Yes,No,No,Month-to-month,Yes,Mailed check,109.44,5878.4,Yes
SYN-00305,Female,0,Yes,Yes,72,Yes,No,Fiber optic,Yes,No,Yes,No,Yes,No,Month-to-month,Yes,Mailed check,83.03,5942.93,Yes
SYN-00306,Female,0,Yes,No,67,Yes,Yes,Fiber optic,Yes,No,No,No,Yes,No,Month-to-month,Yes,Credit card (automatic),46.42,3114.03,Yes
SYN-00307,Female,0,No,Yes,38,Yes,Yes,Fiber optic,No,No,No,No,Yes,Yes,One year,No,Credit card (automatic),48.15,1846.79,No
SYN-00308,Female,1,No,Yes,51,Yes,Yes,Fiber optic,No,Yes,Yes,Yes,Yes,No,Month-to-month,Yes,Mailed check,96.15,4939.88,Yes
SYN-00309,Female,0,Yes,No,0,Yes,No,DSL,Yes,Yes,Yes,Yes,Yes,Yes,Month-to-month,No,Mailed check,103.52,0.0,Yes
SYN-00310,Male,0,No,Yes,24,Yes,No,Fiber optic,No,Yes,Yes,Yes,No,No,One year,Yes,Bank transfer (automatic),35.51,858.7,No
SYN-00311,Male,1,Yes,No,32,Yes,No,Fiber optic,No,Yes,Yes,No,No,Yes,Two year,Yes,Mailed check,112.27,3603.42,No
SYN-00312,Female,0,No,No,48,Yes,Yes,DSL,Yes,Yes,No,No,Yes,Yes,One year,No,Mailed check,34.07,1590.14,No
SYN-00313,Male,0,No,No,54,Yes,No,Fiber optic,Yes,No,Yes,No,Yes,Yes,One year,Yes,Electronic check,21.66,1182.42,No
SYN-00314,Female,1,Yes,Yes,14,Yes,Yes,DSL,No,Yes,Yes,Yes,Yes,No,Month-to-month,Yes,Mailed check,79.89,1089.37,No
SYN-00315,Female,0,No,Yes,52,Yes,Yes,DSL,Yes,Yes,Yes,Yes,Yes,No,Month-to-month,No,Electronic check,55.52,2843.93,No
SYN-00316,Male,0,No,Yes,1,Yes,No,No,No internet service,No internet service,No internet service,No internet service,No internet service,No internet service,Month-to-month,Yes,Electronic check,33.06,31.02,Yes
SYN-00317,Female,1,No,No,49,Yes,No,DSL,No,No,No,Yes,Yes,No,Month-to-month,No,Credit card (automatic),43.53,2092.13,No
SYN-00318,Female,1,Yes,No,6,Yes,Yes,Fiber optic,Yes,Yes,Yes,No,No,No,One year,No,Bank transfer (automatic),91.46,498.82,Yes
SYN-00319,Female,0,No,Yes,5,Yes,No,Fiber optic,No,Yes,Yes,No,No,Yes,Month-to-month,No,Electronic check,71.11,354.17,Yes
SYN-00320,Female,0,No,Yes,11,Yes,No,Fiber optic,No,No,Yes,No,Yes,Yes,Month-to-month,No,Bank transfer (automatic),50.61,592.46,Yes
SYN-00321,Female,1,No,No,16,Yes,Yes,Fiber optic,No,Yes,No,No,Yes,No,Month-to-month,No,Mailed check,110.8,1742.3,Yes
SYN-00322,Male,0,Yes,No,53,Yes,Yes,DSL,No,No,No,No,Yes,No,Two year,Yes,Mailed check,42.48,2282.11,No
SYN-00323,Female,1,Yes,No,14,Yes,Yes,DSL,No,No,No,Yes,No,No,One year,Yes,Bank transfer (automatic),49.25,654.62,No
SYN-00324,Male,0,No,No,60,Yes,Yes,DSL,No,No,No,Yes,Yes,Yes,One year,No,Electronic check,60.38,3646.59,No
SYN-00325,Male,0,Yes,Yes,16,Yes,Yes,Fiber optic,Yes,Yes,Yes,Yes,Yes,No,One year,No,Mailed check,112.53,1770.41,No
SYN-00326,Female,0,Yes,No,39,Yes,Yes,DSL,Yes,No,Yes,Yes,No,Yes,Month-to-month,No,Electronic check,64.33,2514.15,Yes
SYN-00327,Female,0,Yes,Yes,66,Yes,Yes,Fiber optic,Yes,Yes,Yes,Yes,Yes,Yes,Two year,Yes,Mailed check,89.59,5874.83,No
SYN-00328,Female,0,No,No,41,Yes,No,Fiber optic,No,No,No,Yes,No,Yes,One year,Yes,Credit card (automatic),91.63,3740.32,No
SYN-00329,Male,1,Yes,No,39,Yes,Yes,Fiber optic,No,Yes,No,Yes,No,Yes,Two year,No,Mailed check,41.09,1630.8,No
SYN-00330,Female,0,Yes,Yes,9,Yes,Yes,No,No internet service,No internet service,No internet service,No internet service,No internet service,No internet service,Two year,No,Electronic check,24.83,197.97,No
SYN-00331,Female,1,No,No,41,Yes,No,No,No internet service,No internet service,No internet service,No internet service,No internet service,No internet service,Two year,Yes,Electronic check,22.21,903.94,No
SYN-00332,Male,0,Yes,Yes,67,Yes,Yes,Fiber optic,No,Yes,No,Yes,No,Yes,Month-to-month,No,Mailed check,59.81,4026.42,No
SYN-00333,Male,1,Yes,No,45,Yes,Yes,DSL,No,No,Yes,No,No,No,One year,No,Bank transfer (automatic),58.42,2643.43,No
SYN-00334,Female,0,Yes,No,71,Yes,No,Fiber optic,Yes,Yes,Yes,Yes,No,Yes,Two year,Yes,Bank transfer (automatic),56.26,3954.71,No
SYN-00335,Female,1,No,No,57,Yes,No,Fiber optic,Yes,Yes,Yes,No,Yes,No,Month-to-month,No,Mailed check,102.83,5828.45,Yes
SYN-00336,Male,1,Yes,No,68,Yes,No,No,No internet service,No internet service,No internet service,No internet service,No internet service,No internet service,Month-to-month,Yes,Bank transfer (automatic),20.44,1415.96,Yes
SYN-00337,Male,1,No,Yes,66,Yes,Yes,Fiber optic,No,No,Yes,Yes,Yes,Yes,Month-to-month,Yes,Bank transfer (automatic),21.16,1420.98,Yes
SYN-00338,Female,1,Yes,Yes,35,Yes,Yes,Fiber optic,Yes,Yes,Yes,No,Yes,No,Month-to-month,Yes,Bank transfer (automatic),38.98,1332.62,Yes
SYN-00339,Male,1,Yes,No,16,Yes,Yes,Fiber optic,Yes,Yes,Yes,No,No,Yes,Month-to-month,No,Bank transfer (automatic),67.52,1109.01,Yes
SYN-00340,Male,1,Yes,No,12,Yes,No,No,No internet service,No internet service,No internet service,No internet service,No internet service,No internet service,Month-to-month,Yes,Electronic check,32.59,397.3,Yes
SYN-00341,Female,0,No,No,72,Yes,No,No,No internet service,No internet service,No internet service,No internet service,No internet service,No internet service,One year,Yes,Electronic check,32.98,2408.35,No
SYN-00342,Male,1,No,Yes,9,Yes,Yes,DSL,Yes,Yes,Yes,Yes,No,No,Month-to-month,No,Bank transfer (automatic),65.85,624.59,Yes
SYN-00343,Female,0,Yes,Yes,20,Yes,Yes,Fiber optic,No,No,Yes,No,No,No,Month-to-month,No,Credit card (automatic),28.73,578.35,No
SYN-00344,Female,1,No,No,13,Yes,Yes,DSL,No,Yes,No,Yes,No,No,Month-to-month,Yes,Bank transfer (automatic),84.33,1071.94,Yes
SYN-00345,Male,1,No,No,0,Yes,Yes,DSL,Yes,No,Yes,Yes,No,Yes,One year,No,Bank transfer (automatic),58.96,0.0,No
SYN-00346,Male,0,Yes,No,66,Yes,Yes,DSL,No,No,No,Yes,Yes,No,One year,No,Credit card (automatic),98.18,6496.91,No
SYN-00347,Female,0,No,Yes,60,Yes,Yes,Fiber optic,Yes,Yes,No,Yes,No,No,Month-to-month,Yes,Mailed check,46.71,2806.22,Yes
SYN-00348,Male,1,Yes,No,23,Yes,No,DSL,No,Yes,No,Yes,Yes,No,Two year,Yes,Electronic check,63.28,1480.89,No
SYN-00349,Male,1,No,Yes,54,Yes,Yes,DSL,No,No,No,No,Yes,No,Month-to-month,Yes,Bank transfer (automatic),57.12,3098.75,No
SYN-00350,Male,1,Yes,No,23,Yes,No,Fiber optic,No,Yes,Yes,No,No,No,Two year,Yes,Bank transfer (automatic),83.72,1964.31,No
SYN-00351,Female,1,Yes,No,44,Yes,No,DSL,No,No,No,No,Yes,Yes,Two year,No,Credit card (automatic),45.81,2009.25,No
SYN-00352,Male,1,Yes,Yes,18,Yes,No,Fiber optic,No,Yes,Yes,Yes,Yes,Yes,Two year,No,Mailed check,82.97,1525.59,No
SYN-00353,Male,1,No,No,48,Yes,Yes,No,No internet service,No internet service,No internet service,No internet service,No internet service,No internet service,Month-to-month,No,Credit card (automatic),19.51,918.07,No
SYN-00354,Male,1,Yes,No,11,Yes,No,Fiber optic,Yes,No,No,Yes,No,Yes,Month-to-month,No,Electronic check,93.79,1043.34,Yes
SYN-00355,Female,1,No,Yes,48,Yes,No,DSL,Yes,No,Yes,No,No,No,Month-to-month,Yes,Mailed check,24.83,1181.66,Yes
SYN-00356,Female,0,No,No,60,Yes,No,No,No internet service,No internet service,No internet service,No internet service,No internet service,No internet service,One year,No,Credit card (automatic),24.97,1479.23,No
SYN-00357,Female,0,Yes,No,8,Yes,No,DSL,Yes,Yes,No,Yes,No,No,Month-to-month,No,Mailed check,42.93,368.21,Yes
SYN-00358,Male,0,Yes,No,30,Yes,No,DSL,Yes,No,Yes,No,Yes,Yes,One year,Yes,Electronic check,90.56,2715.8,No
SYN-00359,Male,0,Yes,Yes,64,Yes,Yes,Fiber optic,No,No,Yes,Yes,Yes,No,Month-to-month,Yes,Credit card (automatic),66.57,4229.28,Yes
SYN-00360,Male,0,Yes,Yes,39,Yes,Yes,DSL,Yes,No,No,Yes,No,No,Two year,No,Mailed check,82.83,3280.03,No
SYN-00361,Male,0,No,No,16,Yes,No,Fiber optic,No,No,Yes,No,Yes,No,Two year,No,Electronic check,57.87,880.68,Yes
SYN-00362,Female,1,No,No,67,Yes,No,Fiber optic,Yes,Yes,Yes,No,Yes,Yes,One year,Yes,Bank transfer (automatic),107.25,7232.96,Yes
SYN-00363,Female,0,Yes,No,4,Yes,Yes,Fiber optic,Yes,Yes,Yes,Yes,No,Yes,One year,Yes,Credit card (automatic),48.36,194.23,No
SYN-00364,Male,0,Yes,Yes,11,Yes,No,Fiber optic,Yes,Yes,Yes,Yes,Yes,Yes,One year,No,Mailed check,20.76,222.6,No
SYN-00365,Male,0,Yes,Yes,19,Yes,Yes,DSL,No,Yes,No,No,Yes,No,One year,No,Credit card (automatic),38.38,753.23,No
SYN-00366,Male,0,No,No,15,Yes,Yes,DSL,No,Yes,Yes,No,Yes,Yes,Month-to-month,Yes,Bank transfer (automatic),56.45,847.3,Yes
SYN-00367,Female,1,No,Yes,67,Yes,Yes,Fiber optic,No,Yes,Yes,No,No,No,Month-to-month,No,Mailed check,66.37,4425.62,No
SYN-00368,Female,0,No,No,6,Yes,No,DSL,Yes,Yes,Yes,No,No,No,Two year,No,Credit card (automatic),108.61,603.01,No
SYN-00369,Male,0,Yes,No,39,Yes,Yes,No,No internet service,No internet service,No internet service,No internet service,No internet service,No internet service,One year,No,Electronic check,22.06,849.06,No
SYN-00370,Male,0,No,Yes,36,Yes,No,Fiber optic,Yes,No,Yes,No,No,Yes,Month-to-month,No,Bank transfer (automatic),46.54,1663.54,Yes
SYN-00371,Male,0,Yes,No,53,Yes,Yes,Fiber optic,Yes,Yes,Yes,Yes,No,Yes,Month-to-month,Yes,Mailed check,105.96,5588.34,Yes
SYN-00372,Male,1,Yes,No,47,Yes,Yes,DSL,No,No,Yes,Yes,No,No,Month-to-month,Yes,Credit card (automatic),70.37,3299.63,No
SYN-00373,Female,1,No,Yes,15,Yes,No,Fiber optic,No,Yes,No,Yes,Yes,Yes,Month-to-month,Yes,Credit card (automatic),43.06,659.89,Yes
SYN-00374,Female,1,No,No,64,Yes,No,Fiber optic,Yes,No,Yes,No,No,No,Month-to-month,No,Credit card (automatic),32.47,2051.09,Yes
SYN-00375,Male,1,No,Yes,31,Yes,Yes,Fiber optic,No,No,Yes,Yes,Yes,No,Month-to-month,No,Mailed check,36.97,1125.97,Yes
SYN-00376,Male,1,No,Yes,51,Yes,No,Fiber optic,Yes,Yes,Yes,No,Yes,Yes,One year,Yes,Credit card (automatic),35.42,1836.42,No
SYN-00377,Female,0,No,No,12,Yes,Yes,Fiber optic,Yes,No,Yes,No,Yes,Yes,Month-to-month,No,Credit card (automatic),43.12,532.63,No
SYN-00378,Male,0,No,Yes,51,Yes,No,Fiber optic,No,Yes,Yes,No,No,No,Month-to-month,No,Credit card (automatic),33.84,1770.81,Yes
SYN-00379,Female,1,Yes,No,68,Yes,Yes,Fiber optic,No,Yes,No,No,No,No,Month-to-month,Yes,Credit card (automatic),51.25,3477.18,Yes
SYN-00380,Male,1,No,No,42,Yes,No,Fiber optic,No,No,Yes,Yes,Yes,No,Two year,No,Mailed check,58.66,2500.16,No
SYN-00381,Female,0,No,Yes,3,Yes,Yes,DSL,Yes,Yes,No,Yes,Yes,No,Month-to-month,No,Bank transfer (automatic),30.05,110.93,Yes
SYN-00382,Female,0,No,No,17,Yes,Yes,DSL,Yes,No,Yes,Yes,No,No,Month-to-month,Yes,Bank transfer (automatic),68.9,1154.31,No
SYN-00383,Male,0,Yes,No,67,Yes,Yes,Fiber optic,Yes,Yes,No,Yes,No,No,Month-to-month,No,Bank transfer (automatic),42.06,2809.17,No
SYN-00384,Male,0,Yes,No,49,Yes,No,DSL,Yes,Yes,Yes,No,No,Yes,One year,No,Bank transfer (automatic),70.56,3474.97,No
SYN-00385,Female,0,Yes,No,63,Yes,Yes,Fiber optic,No,Yes,Yes,Yes,Yes,No,Two year,No,Mailed check,49.3,3056.02,No
SYN-00386,Female,0,No,No,51,Yes,No,Fiber optic,Yes,Yes,No,Yes,Yes,Yes,One year,Yes,Mailed check,59.65,3058.29,No
SYN-00387,Female,0,Yes,Yes,5,Yes,Yes,No,No internet service,No internet service,No internet service,No internet service,No internet service,No internet service,Month-to-month,Yes,Mailed check,21.13,106.53,Yes
SYN-00388,Male,1,Yes,No,47,Yes,Yes,DSL,Yes,Yes,Yes,Yes,Yes,No,Two year,No,Electronic check,85.02,3955.0,No
SYN-00389,Female,0,No,Yes,45,Yes,Yes,Fiber optic,Yes,Yes,No,Yes,Yes,No,One year,No,Mailed check,59.42,2669.59,No
SYN-00390,Female,1,Yes,No,11,Yes,Yes,No,No internet service,No internet service,No internet service,No internet service,No internet service,No internet service,One year,No,Credit card (automatic),34.46,337.84,No
SYN-00391,Male,0,Yes,No,30,Yes,No,Fiber optic,No,Yes,Yes,Yes,No,No,Month-to-month,No,Electronic check,33.97,996.57,Yes
SYN-00392,Male,0,No,Yes,58,Yes,No,Fiber optic,Yes,Yes,Yes,Yes,Yes,No,One year,Yes,Credit card (automatic),96.49,5580.58,No
SYN-00393,Male,0,Yes,Yes,21,Yes,Yes,No,No internet service,No internet service,No internet service,No internet service,No internet service,No internet service,Month-to-month,Yes,Credit card (automatic),33.94,666.52,No
SYN-00394,Male,1,Yes,No,31,Yes,No,Fiber optic,Yes,Yes,No,No,Yes,Yes,Two year,Yes,Bank transfer (automatic),40.73,1308.06,No
SYN-00395,Female,0,No,Yes,2,Yes,No,No,No internet service,No internet service,No internet service,No internet service,No internet service,No internet service,Month-to-month,No,Electronic check,34.95,77.44,Yes
SYN-00396,Female,1,Yes,No,33,Yes,No,Fiber optic,No,No,Yes,No,No,No,Month-to-month,No,Electronic check,33.6,1064.95,Yes
SYN-00397,Female,1,Yes,No,50,Yes,No,Fiber optic,No,No,No,No,Yes,No,Month-to-month,No,Mailed check,89.78,4509.0,Yes
SYN-00398,Male,1,No,Yes,54,Yes,No,DSL,No,No,No,No,Yes,Yes,Two year,Yes,Mailed check,62.59,3424.39,No
SYN-00399,Male,1,No,No,2,Yes,Yes,Fiber optic,Yes,No,Yes,No,No,Yes,Month-to-month,Yes,Electronic check,29.04,18.32,Yes
SYN-00400,Female,1,No,No,32,Yes,Yes,Fiber optic,No,No,Yes,Yes,Yes,Yes,Month-to-month,No,Credit card (automatic),28.82,902.96,Yes
SYN-00401,Female,0,No,No,54,Yes,Yes,No,No internet service,No internet service,No internet service,No internet service,No internet service,No internet service,Month-to-month,Yes,Credit card (automatic),22.76,1273.4,No
SYN-00402,Female,0,Yes,No,12,Yes,No,Fiber optic,No,Yes,Yes,No,No,Yes,Two year,Yes,Credit card (automatic),59.67,743.33,No
SYN-00403,Female,1,No,Yes,43,Yes,Yes,DSL,No,No,Yes,Yes,Yes,No,Month-to-month,Yes,Credit card (automatic),35.29,1486.5,No
SYN-00404,Female,0,Yes,No,51,Yes,Yes,No,No internet service,No internet service,No internet service,No internet service,No internet service,No internet service,Month-to-month,Yes,Electronic check,26.8,1334.71,No
SYN-00405,Female,0,Yes,No,58,Yes,Yes,No,No internet service,No internet service,No internet service,No internet service,No internet service,No internet service,Month-to-month,No,Electronic check,32.29,1875.39,Yes
SYN-00406,Male,1,Yes,Yes,53,Yes,No,Fiber optic,Yes,Yes,No,No,Yes,Yes,Month-to-month,Yes,Mailed check,74.73,4002.87,No
SYN-00407,Female,1,Yes,No,13,Yes,No,No,No internet service,No internet service,No internet service,No internet service,No internet service,No internet service,One year,Yes,Credit card (automatic),22.87,338.37,No
SYN-00408,Male,1,Yes,No,56,Yes,No,DSL,Yes,Yes,Yes,Yes,Yes,Yes,One year,Yes,Credit card (automatic),72.88,4043.01,No
SYN-00409,Male,0,No,Yes,70,Yes,Yes,Fiber optic,No,No,Yes,Yes,Yes,No,Two year,Yes,Electronic check,72.17,5019.76,No
SYN-00410,Male,0,No,Yes,39,Yes,No,DSL,No,Yes,No,No,Yes,Yes,Month-to-month,No,Credit card (automatic),51.21,2017.9,No
SYN-00411,Male,0,Yes,Yes,41,Yes,No,DSL,No,No,No,Yes,Yes,Yes,Month-to-month,No,Credit card (automatic),38.66,1589.48,Yes
SYN-00412,Female,1,Yes,Yes,7,Yes,Yes,DSL,No,No,No,No,No,No,Month-to-month,No,Mailed check,38.8,265.39,Yes
SYN-00413,Male,1,No,No,59,Yes,Yes,DSL,No,No,No,No,No,Yes,Two year,No,Mailed check,72.19,4285.47,No
SYN-00414,Female,0,No,Yes,44,Yes,No,No,No internet service,No internet service,No internet service,No internet service,No internet service,No internet service,Month-to-month,No,Mailed check,28.35,1285.44,No
SYN-00415,Male,1,Yes,Yes,31,Yes,Yes,Fiber optic,Yes,Yes,No,Yes,Yes,Yes,One year,No,Electronic check,38.44,1150.95,Yes
SYN-00416,Female,0,No,Yes,0,Yes,Yes,Fiber optic,No,No,No,Yes,No,Yes,Month-to-month,No,Bank transfer (automatic),77.16,0.0,Yes
SYN-00417,Female,0,No,Yes,10,Yes,Yes,DSL,Yes,No,No,Yes,No,Yes,Two year,No,Bank transfer (automatic),56.85,543.95,No
SYN-00418,Male,0,No,No,14,Yes,No,DSL,Yes,Yes,No,No,No,Yes,Month-to-month,Yes,Bank transfer (automatic),46.27,628.92,Yes
SYN-00419,Male,0,No,No,16,Yes,Yes,DSL,Yes,Yes,No,Yes,No,No,One year,No,Electronic check,46.89,750.0,No
SYN-00420,Female,0,Yes,No,46,Yes,No,DSL,Yes,No,Yes,No,No,Yes,Month-to-month,Yes,Electronic check,29.08,1385.45,Yes
SYN-00421,Female,1,Yes,No,32,Yes,Yes,No,No internet service,No internet service,No internet service,No internet service,No internet service,No internet service,One year,No,Credit card (automatic),26.4,888.9,No
SYN-00422,Male,1,No,Yes,0,Yes,Yes,DSL,Yes,No,No,No,Yes,Yes,Month-to-month,Yes,Mailed check,67.86,49.96,Yes
SYN-00423,Male,1,No,Yes,69,Yes,No,Fiber optic,No,Yes,Yes,No,Yes,No,Month-to-month,Yes,Mailed check,92.66,6396.1,Yes
SYN-00424,Male,0,Yes,No,17,Yes,Yes,DSL,No,Yes,Yes,Yes,No,Yes,One year,No,Electronic check,85.55,1431.72,No
SYN-00425,Female,1,Yes,Yes,21,Yes,No,DSL,Yes,No,Yes,Yes,Yes,No,Month-to-month,No,Mailed check,78.5,1617.34,No
SYN-00426,Female,0,No,No,44,Yes,No,DSL,Yes,No,No,No,No,Yes,Month-to-month,No,Bank transfer (automatic),108.43,4810.6,Yes
SYN-00427,Male,1,No,No,62,Yes,No,No,No internet service,No internet service,No internet service,No internet service,No internet service,No internet service,Month-to-month,No,Bank transfer (automatic),18.77,1163.83,No
SYN-00428,Female,1,Yes,No,6,Yes,Yes,Fiber optic,No,Yes,Yes,No,No,No,Month-to-month,No,Bank transfer (automatic),29.39,216.86,Yes
SYN-00429,Male,0,No,No,15,Yes,Yes,No,No internet service,No internet service,No internet service,No internet service,No internet service,No internet service,One year,No,Mailed check,23.82,335.54,No
SYN-00430,Female,0,Yes,Yes,17,Yes,No,DSL,No,No,Yes,Yes,Yes,No,Month-to-month,Yes,Bank transfer (automatic),110.27,1909.35,Yes
SYN-00431,Male,0,Yes,No,3,Yes,Yes,No,No internet service,No internet service,No internet service,No internet service,No internet service,No internet service,Two year,No,Electronic check,31.37,53.17,Yes
SYN-00432,Male,0,Yes,No,62,Yes,Yes,DSL,No,Yes,Yes,No,No,No,One year,Yes,Credit card (automatic),96.49,5953.71,No
SYN-00433,Male,0,Yes,No,63,Yes,Yes,DSL,No,No,Yes,Yes,Yes,Yes,Month-to-month,Yes,Bank transfer (automatic),66.53,4179.39,Yes
SYN-00434,Female,1,Yes,No,66,Yes,Yes,DSL,No,Yes,No,Yes,Yes,Yes,Month-to-month,Yes,Electronic check,68.08,4464.95,No
SYN-00435,Male,0,No,Yes,24,Yes,Yes,Fiber optic,Yes,No,Yes,No,Yes,No,Two year,No,Credit card (automatic),102.53,2458.55,No
SYN-00436,Male,0,No,Yes,50,Yes,Yes,DSL,Yes,Yes,No,No,No,Yes,Month-to-month,No,Electronic check,98.41,4967.5,Yes
SYN-00437,Female,1,No,No,12,Yes,Yes,No,No internet service,No internet service,No internet service,No internet service,No internet service,No internet service,Month-to-month,No,Bank transfer (automatic),20.15,217.27,No
SYN-00438,Female,0,Yes,Yes,64,Yes,No,No,No internet service,No internet service,No internet service,No internet service,No internet service,No internet service,Month-to-month,No,Bank transfer (automatic),30.59,1930.69,No
SYN-00439,Female,1,No,Yes,39,Yes,No,Fiber optic,No,No,No,Yes,Yes,Yes,Month-to-month,Yes,Bank transfer (automatic),68.34,2693.03,Yes
SYN-00440,Female,0,No,Yes,10,Yes,Yes,Fiber optic,Yes,No,Yes,Yes,No,Yes,Month-to-month,Yes,Mailed check,110.62,1102.68,Yes
SYN-00441,Female,0,No,No,51,Yes,Yes,Fiber optic,No,No,Yes,No,No,Yes,Month-to-month,Yes,Mailed check,78.27,3965.23,Yes
SYN-00442,Male,1,No,Yes,56,Yes,Yes,Fiber optic,No,No,Yes,Yes,No,No,Month-to-month,Yes,Credit card (automatic),102.31,5771.39,Yes
SYN-00443,Male,0,No,Yes,2,Yes,No,Fiber optic,No,No,No,Yes,Yes,No,One year,No,Bank transfer (automatic),107.75,224.51,No
SYN-00444,Female,0,No,Yes,1,Yes,No,DSL,No,Yes,Yes,Yes,Yes,Yes,Month-to-month,No,Credit card (automatic),46.24,76.58,Yes
SYN-00445,Female,0,No,No,31,Yes,No,DSL,No,No,No,No,Yes,Yes,One year,No,Credit card (automatic),84.32,2613.3,No
SYN-00446,Female,0,No,Yes,69,Yes,Yes,Fiber optic,Yes,No,Yes,Yes,Yes,Yes,One year,No,Mailed check,78.68,5462.22,No
SYN-00447,Female,0,No,Yes,67,Yes,No,DSL,Yes,No,Yes,Yes,Yes,No,Month-to-month,Yes,Credit card (automatic),55.77,3695.55,Yes
SYN-00448,Male,0,No,No,15,Yes,No,No,No internet service,No internet service,No internet service,No internet service,No internet service,No internet service,Month-to-month,No,Bank transfer (automatic),20.68,341.53,No
SYN-00449,Female,1,Yes,Yes,24,Yes,No,Fiber optic,Yes,Yes,No,No,No,No,Month-to-month,No,Credit card (automatic),31.82,742.91,No
SYN-00450,Male,0,No,Yes,18,Yes,Yes,Fiber optic,Yes,No,Yes,No,Yes,Yes,Month-to-month,No,Credit card (automatic),25.66,437.92,Yes
SYN-00451,Female,0,No,No,16,Yes,Yes,Fiber optic,Yes,No,Yes,Yes,No,No,Month-to-month,Yes,Electronic check,54.48,911.78,Yes
SYN-00452,Female,0,No,No,39,Yes,No,DSL,Yes,Yes,No,No,No,Yes,Month-to-month,No,Credit card (automatic),49.52,1914.53,No
SYN-00453,Female,0,No,No,68,Yes,Yes,Fiber optic,No,No,Yes,Yes,Yes,Yes,Month-to-month,Yes,Mailed check,113.84,7783.02,Yes
SYN-00454,Female,1,Yes,No,68,Yes,Yes,Fiber optic,No,No,No,Yes,Yes,Yes,Month-to-month,Yes,Credit card (automatic),50.97,3473.34,Yes
SYN-00455,Male,0,No,Yes,3,Yes,Yes,Fiber optic,Yes,No,Yes,No,Yes,No,Two year,No,Mailed check,73.58,177.44,Yes
SYN-00456,Male,0,No,No,59,Yes,Yes,Fiber optic,Yes,No,Yes,Yes,Yes,Yes,One year,No,Electronic check,95.46,5681.7,No
SYN-00457,Male,0,Yes,No,43,Yes,No,Fiber optic,No,Yes,No,No,Yes,Yes,One year,No,Electronic check,63.71,2696.88,No
SYN-00458,Male,1,No,No,67,Yes,Yes,Fiber optic,No,Yes,No,Yes,No,Yes,Month-to-month,No,Credit card (automatic),28.44,1865.73,No
SYN-00459,Female,1,Yes,No,19,Yes,Yes,Fiber optic,Yes,No,Yes,Yes,Yes,Yes,Two year,Yes,Credit card (automatic),90.73,1677.74,No
SYN-00460,Female,1,No,No,61,Yes,Yes,Fiber optic,No,Yes,Yes,Yes,Yes,Yes,Month-to-month,Yes,Electronic check,57.8,3518.8,Yes
SYN-00461,Female,1,No,Yes,8,Yes,Yes,Fiber optic,No,No,No,No,Yes,Yes,One year,No,Mailed check,71.84,556.89,No
SYN-00462,Male,1,No,Yes,9,Yes,No,No,No internet service,No internet service,No internet service,No internet service,No internet service,No internet service,One year,Yes,Mailed check,34.44,281.26,No
SYN-00463,Female,0,Yes,No,60,Yes,No,Fiber optic,Yes,Yes,No,Yes,Yes,Yes,Month-to-month,No,Electronic check,92.6,5506.67,Yes
SYN-00464,Female,0,No,No,70,Yes,No,No,No internet service,No internet service,No internet service,No internet service,No internet service,No internet service,Month-to-month,No,Bank transfer (automatic),22.06,1499.23,No
SYN-00465,Male,1,Yes,No,28,Yes,Yes,DSL,Yes,No,Yes,Yes,Yes,No,Month-to-month,No,Mailed check,81.58,2296.91,Yes
SYN-00466,Female,1,Yes,No,15,Yes,No,DSL,Yes,No,Yes,No,No,No,Two year,No,Mailed check,96.45,1486.48,No
SYN-00467,Female,0,Yes,Yes,51,Yes,Yes,DSL,Yes,No,Yes,Yes,No,Yes,Month-to-month,No,Bank transfer (automatic),60.16,3029.75,Yes
SYN-00468,Female,1,No,Yes,48,Yes,No,DSL,No,Yes,Yes,Yes,No,Yes,Two year,No,Mailed check,28.82,1339.1,No
SYN-00469,Female,0,Yes,Yes,38,Yes,Yes,Fiber optic,No,Yes,Yes,Yes,No,No,Month-to-month,No,Electronic check,59.65,2259.11,No
SYN-00470,Female,0,No,Yes,44,Yes,No,DSL,No,No,Yes,Yes,Yes,No,Month-to-month,Yes,Electronic check,69.02,3075.09,Yes
SYN-00471,Female,0,No,Yes,8,Yes,No,Fiber optic,No,No,No,No,No,Yes,Two year,No,Bank transfer (automatic),88.62,742.96,No
SYN-00472,Female,0,Yes,Yes,25,Yes,No,No,No internet service,No internet service,No internet service,No internet service,No internet service,No internet service,Two year,Yes,Mailed check,25.73,605.18,No
SYN-00473,Female,0,Yes,No,6,Yes,No,DSL,No,No,No,No,No,No,Month-to-month,No,Bank transfer (automatic),87.69,491.54,Yes
SYN-00474,Male,0,Yes,No,6,Yes,Yes,Fiber optic,No,Yes,Yes,Yes,Yes,Yes,Month-to-month,No,Bank transfer (automatic),94.8,595.24,Yes
SYN-00475,Male,0,No,No,8,Yes,Yes,DSL,No,Yes,No,Yes,No,No,Two year,No,Bank transfer (automatic),80.63,595.16,Yes
SYN-00476,Male,1,Yes,Yes,35,Yes,Yes,No,No internet service,No internet service,No internet service,No internet service,No internet service,No internet service,Month-to-month,Yes,Credit card (automatic),28.12,976.61,Yes
SYN-00477,Male,1,No,No,6,Yes,Yes,DSL,No,No,Yes,Yes,Yes,Yes,One year,Yes,Mailed check,36.17,207.45,No
SYN-00478,Female,1,No,Yes,19,Yes,No,DSL,No,No,No,No,No,Yes,Two year,Yes,Bank transfer (automatic),22.04,424.42,No
SYN-00479,Male,0,Yes,Yes,53,Yes,Yes,Fiber optic,Yes,Yes,No,Yes,Yes,No,Two year,No,Mailed check,68.3,3603.28,No
SYN-00480,Male,0,Yes,Yes,37,Yes,No,Fiber optic,Yes,Yes,No,Yes,No,Yes,Month-to-month,No,Bank transfer (automatic),91.11,3328.34,Yes
SYN-00481,Female,0,Yes,No,60,Yes,No,No,No internet service,No internet service,No internet service,No internet service,No internet service,No internet service,One year,Yes,Credit card (automatic),29.2,1781.48,No
SYN-00482,Female,0,Yes,No,38,Yes,Yes,No,No internet service,No internet service,No internet service,No internet service,No internet service,No internet service,Month-to-month,Yes,Electronic check,28.93,1085.3,Yes
SYN-00483,Male,0,Yes,No,40,Yes,Yes,DSL,Yes,Yes,No,No,Yes,No,Month-to-month,No,Bank transfer (automatic),20.73,820.56,Yes
SYN-00484,Female,0,Yes,No,56,Yes,No,DSL,No,No,No,No,Yes,No,One year,No,Mailed check,90.1,5082.53,No
SYN-00485,Female,0,No,No,20,Yes,Yes,Fiber optic,No,Yes,No,Yes,Yes,No,Month-to-month,Yes,Credit card (automatic),52.46,1081.02,Yes
SYN-00486,Female,1,Yes,No,62,Yes,Yes,DSL,No,No,No,No,Yes,Yes,Month-to-month,No,Bank transfer (automatic),41.04,2562.05,No
SYN-00487,Male,1,No,No,47,Yes,No,DSL,Yes,No,No,Yes,Yes,No,Two year,Yes,Bank transfer (automatic),108.8,5079.3,No
SYN-00488,Male,1,Yes,No,40,Yes,No,Fiber optic,No,No,Yes,No,No,Yes,Month-to-month,No,Credit card (automatic),70.77,2848.35,Yes
SYN-00489,Male,0,No,Yes,22,Yes,No,Fiber optic,Yes,No,Yes,Yes,Yes,Yes,Two year,Yes,Credit card (automatic),68.09,1449.25,No
SYN-00490,Female,1,No,No,60,Yes,Yes,Fiber optic,Yes,No,Yes,Yes,Yes,Yes,Two year,Yes,Bank transfer (automatic),110.46,6639.27,No
SYN-00491,Female,0,No,Yes,50,Yes,No,Fiber optic,No,No,Yes,No,No,No,Month-to-month,No,Mailed check,92.53,4583.4,Yes
SYN-00492,Male,0,Yes,Yes,13,Yes,No,No,No internet service,No internet service,No internet service,No internet service,No internet service,No internet service,Two year,Yes,Electronic check,34.0,439.51,No
SYN-00493,Female,0,No,No,38,Yes,Yes,Fiber optic,No,No,No,Yes,No,No,Two year,Yes,Credit card (automatic),53.68,2002.04,No
SYN-00494,Female,1,Yes,No,19,Yes,No,DSL,No,No,No,No,No,Yes,One year,No,Bank transfer (automatic),113.09,2189.29,No
SYN-00495,Female,1,No,Yes,24,Yes,Yes,No,No internet service,No internet service,No internet service,No internet service,No internet service,No internet service,One year,Yes,Mailed check,19.62,496.37,No
SYN-00496,Male,0,Yes,No,57,Yes,No,Fiber optic,No,No,Yes,Yes,Yes,No,One year,Yes,Mailed check,92.75,5260.14,No
SYN-00497,Female,1,No,Yes,20,Yes,No,DSL,Yes,No,Yes,Yes,Yes,Yes,Month-to-month,Yes,Electronic check,46.97,925.81,Yes
SYN-00498,Female,0,No,No,31,Yes,No,DSL,Yes,Yes,No,Yes,Yes,No,Month-to-month,No,Credit card (automatic),99.74,3096.62,Yes
SYN-00499,Female,1,No,Yes,63,Yes,No,DSL,Yes,No,No,No,Yes,Yes,Month-to-month,Yes,Bank transfer (automatic),66.04,4188.01,No
